GAME_ID,GAME_DATE,SEASON_ID
1520700004,2007-07-06,2007-08
1520700002,2007-07-06,2007-08
1520700001,2007-07-06,2007-08
1520700003,2007-07-06,2007-08
1520700007,2007-07-07,2007-08
1520700005,2007-07-07,2007-08
1520700006,2007-07-07,2007-08
1520700008,2007-07-07,2007-08
1520700011,2007-07-08,2007-08
1520700009,2007-07-08,2007-08
1520700012,2007-07-08,2007-08
1520700010,2007-07-08,2007-08
1520700013,2007-07-09,2007-08
1520700018,2007-07-09,2007-08
1520700017,2007-07-09,2007-08
1520700015,2007-07-09,2007-08
1520700016,2007-07-09,2007-08
1520700014,2007-07-09,2007-08
1520700020,2007-07-10,2007-08
1520700023,2007-07-10,2007-08
1520700024,2007-07-10,2007-08
1520700021,2007-07-10,2007-08
1520700022,2007-07-10,2007-08
1520700019,2007-07-10,2007-08
1520700028,2007-07-11,2007-08
1520700030,2007-07-11,2007-08
1520700029,2007-07-11,2007-08
1520700025,2007-07-11,2007-08
1520700027,2007-07-11,2007-08
1520700026,2007-07-11,2007-08
1520700033,2007-07-12,2007-08
1520700035,2007-07-12,2007-08
1520700032,2007-07-12,2007-08
1520700031,2007-07-12,2007-08
1520700036,2007-07-12,2007-08
1520700034,2007-07-12,2007-08
1520700039,2007-07-13,2007-08
1520700037,2007-07-13,2007-08
1520700041,2007-07-13,2007-08
1520700042,2007-07-13,2007-08
1520700040,2007-07-13,2007-08
1520700038,2007-07-13,2007-08
1520700043,2007-07-14,2007-08
1520700045,2007-07-14,2007-08
1520700046,2007-07-14,2007-08
1520700048,2007-07-14,2007-08
1520700047,2007-07-14,2007-08
1520700044,2007-07-14,2007-08
1520700049,2007-07-14,2007-08
1520700054,2007-07-15,2007-08
1520700051,2007-07-15,2007-08
1520700055,2007-07-15,2007-08
1520700050,2007-07-15,2007-08
1520700052,2007-07-15,2007-08
1520700053,2007-07-15,2007-08
1520800002,2008-07-11,2008-09
1520800004,2008-07-11,2008-09
1520800001,2008-07-11,2008-09
1520800003,2008-07-11,2008-09
1520800007,2008-07-12,2008-09
1520800006,2008-07-12,2008-09
1520800008,2008-07-12,2008-09
1520800005,2008-07-12,2008-09
1520800009,2008-07-13,2008-09
1520800010,2008-07-13,2008-09
1520800012,2008-07-13,2008-09
1520800011,2008-07-13,2008-09
1520800013,2008-07-14,2008-09
1520800017,2008-07-14,2008-09
1520800014,2008-07-14,2008-09
1520800016,2008-07-14,2008-09
1520800015,2008-07-14,2008-09
1520800018,2008-07-14,2008-09
1520800021,2008-07-15,2008-09
1520800023,2008-07-15,2008-09
1520800020,2008-07-15,2008-09
1520800019,2008-07-15,2008-09
1520800022,2008-07-15,2008-09
1520800029,2008-07-16,2008-09
1520800025,2008-07-16,2008-09
1520800028,2008-07-16,2008-09
1520800027,2008-07-16,2008-09
1520800024,2008-07-16,2008-09
1520800026,2008-07-16,2008-09
1520800031,2008-07-17,2008-09
1520800030,2008-07-17,2008-09
1520800035,2008-07-17,2008-09
1520800034,2008-07-17,2008-09
1520800032,2008-07-17,2008-09
1520800033,2008-07-17,2008-09
1520800038,2008-07-18,2008-09
1520800041,2008-07-18,2008-09
1520800040,2008-07-18,2008-09
1520800039,2008-07-18,2008-09
1520800036,2008-07-18,2008-09
1520800037,2008-07-18,2008-09
1520800048,2008-07-19,2008-09
1520800044,2008-07-19,2008-09
1520800043,2008-07-19,2008-09
1520800045,2008-07-19,2008-09
1520800046,2008-07-19,2008-09
1520800042,2008-07-19,2008-09
1520800047,2008-07-19,2008-09
1520800051,2008-07-20,2008-09
1520800052,2008-07-20,2008-09
1520800053,2008-07-20,2008-09
1520800049,2008-07-20,2008-09
1520800050,2008-07-20,2008-09
1520900004,2009-07-10,2009-10
1520900001,2009-07-10,2009-10
1520900003,2009-07-10,2009-10
1520900002,2009-07-10,2009-10
1520900006,2009-07-11,2009-10
1520900008,2009-07-11,2009-10
1520900007,2009-07-11,2009-10
1520900005,2009-07-11,2009-10
1520900012,2009-07-12,2009-10
1520900009,2009-07-12,2009-10
1520900010,2009-07-12,2009-10
1520900011,2009-07-12,2009-10
1520900014,2009-07-13,2009-10
1520900017,2009-07-13,2009-10
1520900016,2009-07-13,2009-10
1520900018,2009-07-13,2009-10
1520900013,2009-07-13,2009-10
1520900015,2009-07-13,2009-10
1520900020,2009-07-14,2009-10
1520900024,2009-07-14,2009-10
1520900021,2009-07-14,2009-10
1520900023,2009-07-14,2009-10
1520900022,2009-07-14,2009-10
1520900019,2009-07-14,2009-10
1520900026,2009-07-15,2009-10
1520900030,2009-07-15,2009-10
1520900029,2009-07-15,2009-10
1520900025,2009-07-15,2009-10
1520900027,2009-07-15,2009-10
1520900028,2009-07-15,2009-10
1520900035,2009-07-16,2009-10
1520900033,2009-07-16,2009-10
1520900032,2009-07-16,2009-10
1520900036,2009-07-16,2009-10
1520900031,2009-07-16,2009-10
1520900034,2009-07-16,2009-10
1520900037,2009-07-17,2009-10
1520900040,2009-07-17,2009-10
1520900042,2009-07-17,2009-10
1520900039,2009-07-17,2009-10
1520900038,2009-07-17,2009-10
1520900041,2009-07-17,2009-10
1520900045,2009-07-18,2009-10
1520900044,2009-07-18,2009-10
1520900043,2009-07-18,2009-10
1520900048,2009-07-18,2009-10
1520900047,2009-07-18,2009-10
1520900046,2009-07-18,2009-10
1520900049,2009-07-18,2009-10
1520900053,2009-07-19,2009-10
1520900051,2009-07-19,2009-10
1520900055,2009-07-19,2009-10
1520900050,2009-07-19,2009-10
1520900054,2009-07-19,2009-10
1520900052,2009-07-19,2009-10
1521000004,2010-07-09,2010-11
1521000001,2010-07-09,2010-11
1521000002,2010-07-09,2010-11
1521000003,2010-07-09,2010-11
1521000008,2010-07-10,2010-11
1521000006,2010-07-10,2010-11
1521000007,2010-07-10,2010-11
1521000005,2010-07-10,2010-11
1521000012,2010-07-11,2010-11
1521000009,2010-07-11,2010-11
1521000011,2010-07-11,2010-11
1521000010,2010-07-11,2010-11
1521000019,2010-07-12,2010-11
1521000016,2010-07-12,2010-11
1521000018,2010-07-12,2010-11
1521000013,2010-07-12,2010-11
1521000015,2010-07-12,2010-11
1521000017,2010-07-12,2010-11
1521000014,2010-07-12,2010-11
1521000021,2010-07-13,2010-11
1521000025,2010-07-13,2010-11
1521000020,2010-07-13,2010-11
1521000026,2010-07-13,2010-11
1521000022,2010-07-13,2010-11
1521000024,2010-07-13,2010-11
1521000023,2010-07-13,2010-11
1521000029,2010-07-14,2010-11
1521000031,2010-07-14,2010-11
1521000030,2010-07-14,2010-11
1521000027,2010-07-14,2010-11
1521000033,2010-07-14,2010-11
1521000032,2010-07-14,2010-11
1521000028,2010-07-14,2010-11
1521000037,2010-07-15,2010-11
1521000036,2010-07-15,2010-11
1521000035,2010-07-15,2010-11
1521000038,2010-07-15,2010-11
1521000034,2010-07-15,2010-11
1521000039,2010-07-15,2010-11
1521000043,2010-07-16,2010-11
1521000042,2010-07-16,2010-11
1521000045,2010-07-16,2010-11
1521000044,2010-07-16,2010-11
1521000040,2010-07-16,2010-11
1521000041,2010-07-16,2010-11
1521000052,2010-07-17,2010-11
1521000047,2010-07-17,2010-11
1521000048,2010-07-17,2010-11
1521000050,2010-07-17,2010-11
1521000049,2010-07-17,2010-11
1521000051,2010-07-17,2010-11
1521000046,2010-07-17,2010-11
1521000056,2010-07-18,2010-11
1521000053,2010-07-18,2010-11
1521000055,2010-07-18,2010-11
1521000057,2010-07-18,2010-11
1521000058,2010-07-18,2010-11
1521000054,2010-07-18,2010-11
1521200001,2012-07-13,2012-13
1521200003,2012-07-13,2012-13
1521200002,2012-07-13,2012-13
1521200004,2012-07-13,2012-13
1521200006,2012-07-14,2012-13
1521200008,2012-07-14,2012-13
1521200007,2012-07-14,2012-13
1521200005,2012-07-14,2012-13
1521200012,2012-07-15,2012-13
1521200013,2012-07-15,2012-13
1521200015,2012-07-15,2012-13
1521200010,2012-07-15,2012-13
1521200011,2012-07-15,2012-13
1521200009,2012-07-15,2012-13
1521200014,2012-07-15,2012-13
1521200016,2012-07-16,2012-13
1521200019,2012-07-16,2012-13
1521200022,2012-07-16,2012-13
1521200017,2012-07-16,2012-13
1521200018,2012-07-16,2012-13
1521200021,2012-07-16,2012-13
1521200020,2012-07-16,2012-13
1521200028,2012-07-17,2012-13
1521200027,2012-07-17,2012-13
1521200023,2012-07-17,2012-13
1521200026,2012-07-17,2012-13
1521200025,2012-07-17,2012-13
1521200029,2012-07-17,2012-13
1521200024,2012-07-17,2012-13
1521200033,2012-07-18,2012-13
1521200034,2012-07-18,2012-13
1521200031,2012-07-18,2012-13
1521200036,2012-07-18,2012-13
1521200035,2012-07-18,2012-13
1521200030,2012-07-18,2012-13
1521200032,2012-07-18,2012-13
1521200038,2012-07-19,2012-13
1521200039,2012-07-19,2012-13
1521200040,2012-07-19,2012-13
1521200043,2012-07-19,2012-13
1521200041,2012-07-19,2012-13
1521200042,2012-07-19,2012-13
1521200037,2012-07-19,2012-13
1521200044,2012-07-20,2012-13
1521200050,2012-07-20,2012-13
1521200048,2012-07-20,2012-13
1521200045,2012-07-20,2012-13
1521200047,2012-07-20,2012-13
1521200049,2012-07-20,2012-13
1521200046,2012-07-20,2012-13
1521200057,2012-07-21,2012-13
1521200053,2012-07-21,2012-13
1521200055,2012-07-21,2012-13
1521200052,2012-07-21,2012-13
1521200051,2012-07-21,2012-13
1521200054,2012-07-21,2012-13
1521200056,2012-07-21,2012-13
1521200059,2012-07-22,2012-13
1521200058,2012-07-22,2012-13
1521200060,2012-07-22,2012-13
1521300002,2013-07-12,2013-14
1521300003,2013-07-12,2013-14
1521300001,2013-07-12,2013-14
1521300004,2013-07-12,2013-14
1521300008,2013-07-13,2013-14
1521300006,2013-07-13,2013-14
1521300010,2013-07-13,2013-14
1521300005,2013-07-13,2013-14
1521300011,2013-07-13,2013-14
1521300007,2013-07-13,2013-14
1521300009,2013-07-13,2013-14
1521300018,2013-07-14,2013-14
1521300016,2013-07-14,2013-14
1521300017,2013-07-14,2013-14
1521300014,2013-07-14,2013-14
1521300013,2013-07-14,2013-14
1521300015,2013-07-14,2013-14
1521300012,2013-07-14,2013-14
1521300019,2013-07-14,2013-14
1521300025,2013-07-15,2013-14
1521300021,2013-07-15,2013-14
1521300026,2013-07-15,2013-14
1521300024,2013-07-15,2013-14
1521300023,2013-07-15,2013-14
1521300022,2013-07-15,2013-14
1521300020,2013-07-15,2013-14
1521300030,2013-07-16,2013-14
1521300033,2013-07-16,2013-14
1521300032,2013-07-16,2013-14
1521300029,2013-07-16,2013-14
1521300027,2013-07-16,2013-14
1521300031,2013-07-16,2013-14
1521300028,2013-07-16,2013-14
1521300037,2013-07-17,2013-14
1521300034,2013-07-17,2013-14
1521300039,2013-07-17,2013-14
1521300038,2013-07-17,2013-14
1521300036,2013-07-17,2013-14
1521300035,2013-07-17,2013-14
1521300040,2013-07-18,2013-14
1521300046,2013-07-18,2013-14
1521300047,2013-07-18,2013-14
1521300042,2013-07-18,2013-14
1521300041,2013-07-18,2013-14
1521300045,2013-07-18,2013-14
1521300044,2013-07-18,2013-14
1521300043,2013-07-18,2013-14
1521300049,2013-07-19,2013-14
1521300050,2013-07-19,2013-14
1521300053,2013-07-19,2013-14
1521300052,2013-07-19,2013-14
1521300048,2013-07-19,2013-14
1521300051,2013-07-19,2013-14
1521300054,2013-07-19,2013-14
1521300055,2013-07-20,2013-14
1521300058,2013-07-20,2013-14
1521300056,2013-07-20,2013-14
1521300057,2013-07-20,2013-14
1521300060,2013-07-21,2013-14
1521300059,2013-07-21,2013-14
1521300061,2013-07-22,2013-14
1521400003,2014-07-11,2014-15
1521400006,2014-07-11,2014-15
1521400001,2014-07-11,2014-15
1521400004,2014-07-11,2014-15
1521400002,2014-07-11,2014-15
1521400005,2014-07-11,2014-15
1521400008,2014-07-12,2014-15
1521400012,2014-07-12,2014-15
1521400010,2014-07-12,2014-15
1521400009,2014-07-12,2014-15
1521400011,2014-07-12,2014-15
1521400013,2014-07-12,2014-15
1521400007,2014-07-12,2014-15
1521400014,2014-07-12,2014-15
1521400018,2014-07-13,2014-15
1521400015,2014-07-13,2014-15
1521400016,2014-07-13,2014-15
1521400019,2014-07-13,2014-15
1521400020,2014-07-13,2014-15
1521400021,2014-07-13,2014-15
1521400022,2014-07-13,2014-15
1521400017,2014-07-13,2014-15
1521400027,2014-07-14,2014-15
1521400026,2014-07-14,2014-15
1521400025,2014-07-14,2014-15
1521400029,2014-07-14,2014-15
1521400028,2014-07-14,2014-15
1521400030,2014-07-14,2014-15
1521400023,2014-07-14,2014-15
1521400024,2014-07-14,2014-15
1521400031,2014-07-15,2014-15
1521400032,2014-07-15,2014-15
1521400036,2014-07-15,2014-15
1521400033,2014-07-15,2014-15
1521400034,2014-07-15,2014-15
1521400035,2014-07-15,2014-15
1521400039,2014-07-16,2014-15
1521400038,2014-07-16,2014-15
1521400043,2014-07-16,2014-15
1521400042,2014-07-16,2014-15
1521400041,2014-07-16,2014-15
1521400044,2014-07-16,2014-15
1521400040,2014-07-16,2014-15
1521400037,2014-07-16,2014-15
1521400047,2014-07-17,2014-15
1521400050,2014-07-17,2014-15
1521400046,2014-07-17,2014-15
1521400052,2014-07-17,2014-15
1521400049,2014-07-17,2014-15
1521400045,2014-07-17,2014-15
1521400051,2014-07-17,2014-15
1521400048,2014-07-17,2014-15
1521400060,2014-07-18,2014-15
1521400059,2014-07-18,2014-15
1521400053,2014-07-18,2014-15
1521400056,2014-07-18,2014-15
1521400054,2014-07-18,2014-15
1521400055,2014-07-18,2014-15
1521400057,2014-07-18,2014-15
1521400058,2014-07-18,2014-15
1521400062,2014-07-19,2014-15
1521400063,2014-07-19,2014-15
1521400061,2014-07-19,2014-15
1521400064,2014-07-19,2014-15
1521400065,2014-07-20,2014-15
1521400066,2014-07-20,2014-15
1521400067,2014-07-21,2014-15
1521500003,2015-07-10,2015-16
1521500006,2015-07-10,2015-16
1521500001,2015-07-10,2015-16
1521500005,2015-07-10,2015-16
1521500004,2015-07-10,2015-16
1521500002,2015-07-10,2015-16
1521500011,2015-07-11,2015-16
1521500013,2015-07-11,2015-16
1521500007,2015-07-11,2015-16
1521500010,2015-07-11,2015-16
1521500012,2015-07-11,2015-16
1521500014,2015-07-11,2015-16
1521500008,2015-07-11,2015-16
1521500009,2015-07-11,2015-16
1521500020,2015-07-12,2015-16
1521500022,2015-07-12,2015-16
1521500017,2015-07-12,2015-16
1521500021,2015-07-12,2015-16
1521500019,2015-07-12,2015-16
1521500016,2015-07-12,2015-16
1521500018,2015-07-12,2015-16
1521500015,2015-07-12,2015-16
1521500025,2015-07-13,2015-16
1521500023,2015-07-13,2015-16
1521500024,2015-07-13,2015-16
1521500027,2015-07-13,2015-16
1521500026,2015-07-13,2015-16
1521500029,2015-07-13,2015-16
1521500028,2015-07-13,2015-16
1521500030,2015-07-13,2015-16
1521500035,2015-07-14,2015-16
1521500033,2015-07-14,2015-16
1521500032,2015-07-14,2015-16
1521500034,2015-07-14,2015-16
1521500036,2015-07-14,2015-16
1521500031,2015-07-14,2015-16
1521500039,2015-07-15,2015-16
1521500043,2015-07-15,2015-16
1521500042,2015-07-15,2015-16
1521500040,2015-07-15,2015-16
1521500037,2015-07-15,2015-16
1521500044,2015-07-15,2015-16
1521500038,2015-07-15,2015-16
1521500041,2015-07-15,2015-16
1521500050,2015-07-16,2015-16
1521500052,2015-07-16,2015-16
1521500049,2015-07-16,2015-16
1521500051,2015-07-16,2015-16
1521500047,2015-07-16,2015-16
1521500046,2015-07-16,2015-16
1521500045,2015-07-16,2015-16
1521500048,2015-07-16,2015-16
1521500055,2015-07-17,2015-16
1521500059,2015-07-17,2015-16
1521500053,2015-07-17,2015-16
1521500056,2015-07-17,2015-16
1521500054,2015-07-17,2015-16
1521500058,2015-07-17,2015-16
1521500057,2015-07-17,2015-16
1521500060,2015-07-17,2015-16
1521500062,2015-07-18,2015-16
1521500061,2015-07-18,2015-16
1521500064,2015-07-18,2015-16
1521500063,2015-07-18,2015-16
1521500065,2015-07-19,2015-16
1521500066,2015-07-19,2015-16
1521500067,2015-07-20,2015-16
1521600002,2016-07-08,2016-17
1521600001,2016-07-08,2016-17
1521600006,2016-07-08,2016-17
1521600005,2016-07-08,2016-17
1521600003,2016-07-08,2016-17
1521600004,2016-07-08,2016-17
1521600008,2016-07-09,2016-17
1521600011,2016-07-09,2016-17
1521600010,2016-07-09,2016-17
1521600009,2016-07-09,2016-17
1521600014,2016-07-09,2016-17
1521600013,2016-07-09,2016-17
1521600007,2016-07-09,2016-17
1521600012,2016-07-09,2016-17
1521600015,2016-07-10,2016-17
1521600022,2016-07-10,2016-17
1521600017,2016-07-10,2016-17
1521600021,2016-07-10,2016-17
1521600020,2016-07-10,2016-17
1521600019,2016-07-10,2016-17
1521600016,2016-07-10,2016-17
1521600018,2016-07-10,2016-17
1521600027,2016-07-11,2016-17
1521600029,2016-07-11,2016-17
1521600026,2016-07-11,2016-17
1521600028,2016-07-11,2016-17
1521600025,2016-07-11,2016-17
1521600030,2016-07-11,2016-17
1521600024,2016-07-11,2016-17
1521600023,2016-07-11,2016-17
1521600032,2016-07-12,2016-17
1521600033,2016-07-12,2016-17
1521600036,2016-07-12,2016-17
1521600035,2016-07-12,2016-17
1521600031,2016-07-12,2016-17
1521600034,2016-07-12,2016-17
1521600037,2016-07-13,2016-17
1521600041,2016-07-13,2016-17
1521600038,2016-07-13,2016-17
1521600043,2016-07-13,2016-17
1521600044,2016-07-13,2016-17
1521600039,2016-07-13,2016-17
1521600040,2016-07-13,2016-17
1521600042,2016-07-13,2016-17
1521600045,2016-07-14,2016-17
1521600052,2016-07-14,2016-17
1521600050,2016-07-14,2016-17
1521600049,2016-07-14,2016-17
1521600051,2016-07-14,2016-17
1521600047,2016-07-14,2016-17
1521600046,2016-07-14,2016-17
1521600048,2016-07-14,2016-17
1521600057,2016-07-15,2016-17
1521600055,2016-07-15,2016-17
1521600054,2016-07-15,2016-17
1521600059,2016-07-15,2016-17
1521600056,2016-07-15,2016-17
1521600060,2016-07-15,2016-17
1521600058,2016-07-15,2016-17
1521600053,2016-07-15,2016-17
1521600064,2016-07-16,2016-17
1521600063,2016-07-16,2016-17
1521600062,2016-07-16,2016-17
1521600061,2016-07-16,2016-17
1521600066,2016-07-17,2016-17
1521600065,2016-07-17,2016-17
1521600067,2016-07-18,2016-17
1521700003,2017-07-07,2017-18
1521700002,2017-07-07,2017-18
1521700001,2017-07-07,2017-18
1521700005,2017-07-07,2017-18
1521700004,2017-07-07,2017-18
1521700006,2017-07-07,2017-18
1521700012,2017-07-08,2017-18
1521700013,2017-07-08,2017-18
1521700008,2017-07-08,2017-18
1521700014,2017-07-08,2017-18
1521700011,2017-07-08,2017-18
1521700010,2017-07-08,2017-18
1521700009,2017-07-08,2017-18
1521700007,2017-07-08,2017-18
1521700015,2017-07-09,2017-18
1521700020,2017-07-09,2017-18
1521700016,2017-07-09,2017-18
1521700018,2017-07-09,2017-18
1521700019,2017-07-09,2017-18
1521700017,2017-07-09,2017-18
1521700022,2017-07-09,2017-18
1521700021,2017-07-09,2017-18
1521700023,2017-07-10,2017-18
1521700028,2017-07-10,2017-18
1521700025,2017-07-10,2017-18
1521700027,2017-07-10,2017-18
1521700026,2017-07-10,2017-18
1521700029,2017-07-10,2017-18
1521700030,2017-07-10,2017-18
1521700024,2017-07-10,2017-18
1521700034,2017-07-11,2017-18
1521700033,2017-07-11,2017-18
1521700035,2017-07-11,2017-18
1521700036,2017-07-11,2017-18
1521700031,2017-07-11,2017-18
1521700032,2017-07-11,2017-18
1521700037,2017-07-12,2017-18
1521700043,2017-07-12,2017-18
1521700038,2017-07-12,2017-18
1521700040,2017-07-12,2017-18
1521700044,2017-07-12,2017-18
1521700039,2017-07-12,2017-18
1521700042,2017-07-12,2017-18
1521700041,2017-07-12,2017-18
1521700047,2017-07-13,2017-18
1521700052,2017-07-13,2017-18
1521700045,2017-07-13,2017-18
1521700050,2017-07-13,2017-18
1521700046,2017-07-13,2017-18
1521700048,2017-07-13,2017-18
1521700049,2017-07-13,2017-18
1521700051,2017-07-13,2017-18
1521700053,2017-07-14,2017-18
1521700060,2017-07-14,2017-18
1521700057,2017-07-14,2017-18
1521700058,2017-07-14,2017-18
1521700056,2017-07-14,2017-18
1521700055,2017-07-14,2017-18
1521700054,2017-07-14,2017-18
1521700059,2017-07-14,2017-18
1521700063,2017-07-15,2017-18
1521700064,2017-07-15,2017-18
1521700062,2017-07-15,2017-18
1521700061,2017-07-15,2017-18
1521700066,2017-07-16,2017-18
1521700065,2017-07-16,2017-18
1521700067,2017-07-17,2017-18
1521800006,2018-07-06,2018-19
1521800007,2018-07-06,2018-19
1521800002,2018-07-06,2018-19
1521800008,2018-07-06,2018-19
1521800009,2018-07-06,2018-19
1521800010,2018-07-06,2018-19
1521800001,2018-07-06,2018-19
1521800005,2018-07-06,2018-19
1521800003,2018-07-06,2018-19
1521800004,2018-07-06,2018-19
1521800014,2018-07-07,2018-19
1521800019,2018-07-07,2018-19
1521800018,2018-07-07,2018-19
1521800013,2018-07-07,2018-19
1521800020,2018-07-07,2018-19
1521800015,2018-07-07,2018-19
1521800012,2018-07-07,2018-19
1521800016,2018-07-07,2018-19
1521800011,2018-07-07,2018-19
1521800017,2018-07-07,2018-19
1521800024,2018-07-08,2018-19
1521800030,2018-07-08,2018-19
1521800025,2018-07-08,2018-19
1521800026,2018-07-08,2018-19
1521800029,2018-07-08,2018-19
1521800023,2018-07-08,2018-19
1521800021,2018-07-08,2018-19
1521800027,2018-07-08,2018-19
1521800028,2018-07-08,2018-19
1521800022,2018-07-08,2018-19
1521800035,2018-07-09,2018-19
1521800033,2018-07-09,2018-19
1521800031,2018-07-09,2018-19
1521800036,2018-07-09,2018-19
1521800037,2018-07-09,2018-19
1521800040,2018-07-09,2018-19
1521800039,2018-07-09,2018-19
1521800038,2018-07-09,2018-19
1521800034,2018-07-09,2018-19
1521800032,2018-07-09,2018-19
1521800043,2018-07-10,2018-19
1521800045,2018-07-10,2018-19
1521800042,2018-07-10,2018-19
1521800041,2018-07-10,2018-19
1521800044,2018-07-10,2018-19
1521800051,2018-07-11,2018-19
1521800047,2018-07-11,2018-19
1521800049,2018-07-11,2018-19
1521800052,2018-07-11,2018-19
1521800053,2018-07-11,2018-19
1521800048,2018-07-11,2018-19
1521800046,2018-07-11,2018-19
1521800050,2018-07-11,2018-19
1521800061,2018-07-12,2018-19
1521800055,2018-07-12,2018-19
1521800054,2018-07-12,2018-19
1521800059,2018-07-12,2018-19
1521800058,2018-07-12,2018-19
1521800060,2018-07-12,2018-19
1521800057,2018-07-12,2018-19
1521800056,2018-07-12,2018-19
1521800069,2018-07-13,2018-19
1521800063,2018-07-13,2018-19
1521800064,2018-07-13,2018-19
1521800066,2018-07-13,2018-19
1521800068,2018-07-13,2018-19
1521800062,2018-07-13,2018-19
1521800067,2018-07-13,2018-19
1521800065,2018-07-13,2018-19
1521800073,2018-07-14,2018-19
1521800071,2018-07-14,2018-19
1521800070,2018-07-14,2018-19
1521800074,2018-07-14,2018-19
1521800072,2018-07-14,2018-19
1521800075,2018-07-14,2018-19
1521800078,2018-07-15,2018-19
1521800077,2018-07-15,2018-19
1521800076,2018-07-15,2018-19
1521800079,2018-07-15,2018-19
1521800080,2018-07-16,2018-19
1521800081,2018-07-16,2018-19
1521800082,2018-07-17,2018-19
1521900003,2019-07-05,2019-20
1521900008,2019-07-05,2019-20
1521900006,2019-07-05,2019-20
1521900005,2019-07-05,2019-20
1521900007,2019-07-05,2019-20
1521900004,2019-07-05,2019-20
1521900002,2019-07-05,2019-20
1521900009,2019-07-05,2019-20
1521900001,2019-07-05,2019-20
1521900013,2019-07-06,2019-20
1521900014,2019-07-06,2019-20
1521900018,2019-07-06,2019-20
1521900017,2019-07-06,2019-20
1521900016,2019-07-06,2019-20
1521900015,2019-07-06,2019-20
1521900012,2019-07-06,2019-20
1521900019,2019-07-06,2019-20
1521900011,2019-07-06,2019-20
1521900023,2019-07-07,2019-20
1521900025,2019-07-07,2019-20
1521900024,2019-07-07,2019-20
1521900020,2019-07-07,2019-20
1521900028,2019-07-07,2019-20
1521900029,2019-07-07,2019-20
1521900026,2019-07-07,2019-20
1521900022,2019-07-07,2019-20
1521900027,2019-07-07,2019-20
1521900021,2019-07-07,2019-20
1521900035,2019-07-08,2019-20
1521900037,2019-07-08,2019-20
1521900031,2019-07-08,2019-20
1521900039,2019-07-08,2019-20
1521900036,2019-07-08,2019-20
1521900033,2019-07-08,2019-20
1521900032,2019-07-08,2019-20
1521900030,2019-07-08,2019-20
1521900034,2019-07-08,2019-20
1521900038,2019-07-08,2019-20
1521900042,2019-07-09,2019-20
1521900045,2019-07-09,2019-20
1521900047,2019-07-09,2019-20
1521900048,2019-07-09,2019-20
1521900041,2019-07-09,2019-20
1521900046,2019-07-09,2019-20
1521900044,2019-07-09,2019-20
1521900043,2019-07-09,2019-20
1521900040,2019-07-09,2019-20
1521900054,2019-07-10,2019-20
1521900051,2019-07-10,2019-20
1521900050,2019-07-10,2019-20
1521900058,2019-07-10,2019-20
1521900056,2019-07-10,2019-20
1521900053,2019-07-10,2019-20
1521900057,2019-07-10,2019-20
1521900052,2019-07-10,2019-20
1521900049,2019-07-10,2019-20
1521900055,2019-07-10,2019-20
1521900060,2019-07-11,2019-20
1521900064,2019-07-11,2019-20
1521900062,2019-07-11,2019-20
1521900063,2019-07-11,2019-20
1521900059,2019-07-11,2019-20
1521900061,2019-07-11,2019-20
1521900072,2019-07-12,2019-20
1521900069,2019-07-12,2019-20
1521900066,2019-07-12,2019-20
1521900070,2019-07-12,2019-20
1521900071,2019-07-12,2019-20
1521900065,2019-07-12,2019-20
1521900068,2019-07-12,2019-20
1521900067,2019-07-12,2019-20
1521900074,2019-07-13,2019-20
1521900076,2019-07-13,2019-20
1521900077,2019-07-13,2019-20
1521900080,2019-07-13,2019-20
1521900079,2019-07-13,2019-20
1521900078,2019-07-13,2019-20
1521900075,2019-07-13,2019-20
1521900073,2019-07-13,2019-20
1521900081,2019-07-14,2019-20
1521900082,2019-07-14,2019-20
1521900083,2019-07-15,2019-20
1522100001,2021-08-08,2021-22
1522100004,2021-08-08,2021-22
1522100007,2021-08-08,2021-22
1522100008,2021-08-08,2021-22
1522100002,2021-08-08,2021-22
1522100003,2021-08-08,2021-22
1522100006,2021-08-08,2021-22
1522100009,2021-08-09,2021-22
1522100010,2021-08-09,2021-22
1522100014,2021-08-09,2021-22
1522100015,2021-08-09,2021-22
1522100013,2021-08-09,2021-22
1522100011,2021-08-09,2021-22
1522100076,2021-08-09,2021-22
1522100016,2021-08-09,2021-22
1522100012,2021-08-09,2021-22
1522100017,2021-08-10,2021-22
1522100018,2021-08-10,2021-22
1522100019,2021-08-10,2021-22
1522100020,2021-08-10,2021-22
1522100022,2021-08-10,2021-22
1522100021,2021-08-10,2021-22
1522100025,2021-08-11,2021-22
1522100026,2021-08-11,2021-22
1522100028,2021-08-11,2021-22
1522100027,2021-08-11,2021-22
1522100029,2021-08-11,2021-22
1522100024,2021-08-11,2021-22
1522100023,2021-08-11,2021-22
1522100036,2021-08-12,2021-22
1522100034,2021-08-12,2021-22
1522100031,2021-08-12,2021-22
1522100037,2021-08-12,2021-22
1522100035,2021-08-12,2021-22
1522100032,2021-08-12,2021-22
1522100033,2021-08-12,2021-22
1522100030,2021-08-12,2021-22
1522100040,2021-08-13,2021-22
1522100041,2021-08-13,2021-22
1522100044,2021-08-13,2021-22
1522100039,2021-08-13,2021-22
1522100038,2021-08-13,2021-22
1522100042,2021-08-13,2021-22
1522100043,2021-08-13,2021-22
1522100046,2021-08-14,2021-22
1522100047,2021-08-14,2021-22
1522100050,2021-08-14,2021-22
1522100045,2021-08-14,2021-22
1522100052,2021-08-14,2021-22
1522100048,2021-08-14,2021-22
1522100051,2021-08-14,2021-22
1522100049,2021-08-14,2021-22
1522100059,2021-08-15,2021-22
1522100060,2021-08-15,2021-22
1522100053,2021-08-15,2021-22
1522100058,2021-08-15,2021-22
1522100055,2021-08-15,2021-22
1522100054,2021-08-15,2021-22
1522100057,2021-08-15,2021-22
1522100056,2021-08-15,2021-22
1522100065,2021-08-16,2021-22
1522100064,2021-08-16,2021-22
1522100068,2021-08-16,2021-22
1522100062,2021-08-16,2021-22
1522100067,2021-08-16,2021-22
1522100066,2021-08-16,2021-22
1522100061,2021-08-16,2021-22
1522100063,2021-08-16,2021-22
1522100075,2021-08-17,2021-22
1522100074,2021-08-17,2021-22
1522100069,2021-08-17,2021-22
1522100073,2021-08-17,2021-22
1522100071,2021-08-17,2021-22
1522100072,2021-08-17,2021-22
1522100070,2021-08-17,2021-22
1522200001,2022-07-07,2022-23
1522200004,2022-07-08,2022-23
1522200003,2022-07-08,2022-23
1522200008,2022-07-08,2022-23
1522200007,2022-07-08,2022-23
1522200009,2022-07-08,2022-23
1522200006,2022-07-08,2022-23
1522200005,2022-07-08,2022-23
1522200002,2022-07-08,2022-23
1522200014,2022-07-09,2022-23
1522200012,2022-07-09,2022-23
1522200017,2022-07-09,2022-23
1522200015,2022-07-09,2022-23
1522200016,2022-07-09,2022-23
1522200011,2022-07-09,2022-23
1522200010,2022-07-09,2022-23
1522200013,2022-07-09,2022-23
1522200022,2022-07-10,2022-23
1522200020,2022-07-10,2022-23
1522200023,2022-07-10,2022-23
1522200025,2022-07-10,2022-23
1522200024,2022-07-10,2022-23
1522200019,2022-07-10,2022-23
1522200018,2022-07-10,2022-23
1522200021,2022-07-10,2022-23
1522200026,2022-07-11,2022-23
1522200028,2022-07-11,2022-23
1522200030,2022-07-11,2022-23
1522200027,2022-07-11,2022-23
1522200031,2022-07-11,2022-23
1522200029,2022-07-11,2022-23
1522200034,2022-07-12,2022-23
1522200035,2022-07-12,2022-23
1522200032,2022-07-12,2022-23
1522200037,2022-07-12,2022-23
1522200038,2022-07-12,2022-23
1522200033,2022-07-12,2022-23
1522200036,2022-07-12,2022-23
1522200040,2022-07-13,2022-23
1522200041,2022-07-13,2022-23
1522200045,2022-07-13,2022-23
1522200044,2022-07-13,2022-23
1522200039,2022-07-13,2022-23
1522200043,2022-07-13,2022-23
1522200042,2022-07-13,2022-23
1522200046,2022-07-14,2022-23
1522200047,2022-07-14,2022-23
1522200049,2022-07-14,2022-23
1522200048,2022-07-14,2022-23
1522200050,2022-07-14,2022-23
1522200053,2022-07-14,2022-23
1522200052,2022-07-14,2022-23
1522200051,2022-07-14,2022-23
1522200060,2022-07-15,2022-23
1522200055,2022-07-15,2022-23
1522200056,2022-07-15,2022-23
1522200054,2022-07-15,2022-23
1522200059,2022-07-15,2022-23
1522200058,2022-07-15,2022-23
1522200057,2022-07-15,2022-23
1522200061,2022-07-16,2022-23
1522200066,2022-07-16,2022-23
1522200065,2022-07-16,2022-23
1522200068,2022-07-16,2022-23
1522200067,2022-07-16,2022-23
1522200069,2022-07-16,2022-23
1522200063,2022-07-16,2022-23
1522200062,2022-07-16,2022-23
1522200064,2022-07-16,2022-23
1522200073,2022-07-17,2022-23
1522200075,2022-07-17,2022-23
1522200074,2022-07-17,2022-23
1522200071,2022-07-17,2022-23
1522200070,2022-07-17,2022-23
1522200072,2022-07-17,2022-23
1522300007,2023-07-07,2023-24
1522300005,2023-07-07,2023-24
1522300001,2023-07-07,2023-24
1522300003,2023-07-07,2023-24
1522300002,2023-07-07,2023-24
1522300008,2023-07-07,2023-24
1522300004,2023-07-07,2023-24
1522300006,2023-07-07,2023-24
1522300009,2023-07-08,2023-24
1522300013,2023-07-08,2023-24
1522300010,2023-07-08,2023-24
1522300016,2023-07-08,2023-24
1522300015,2023-07-08,2023-24
1522300011,2023-07-08,2023-24
1522300012,2023-07-08,2023-24
1522300014,2023-07-08,2023-24
1522300023,2023-07-09,2023-24
1522300021,2023-07-09,2023-24
1522300017,2023-07-09,2023-24
1522300024,2023-07-09,2023-24
1522300020,2023-07-09,2023-24
1522300018,2023-07-09,2023-24
1522300019,2023-07-09,2023-24
1522300022,2023-07-09,2023-24
1522300025,2023-07-10,2023-24
1522300027,2023-07-10,2023-24
1522300030,2023-07-10,2023-24
1522300026,2023-07-10,2023-24
1522300029,2023-07-10,2023-24
1522300028,2023-07-10,2023-24
1522300033,2023-07-11,2023-24
1522300035,2023-07-11,2023-24
1522300032,2023-07-11,2023-24
1522300031,2023-07-11,2023-24
1522300034,2023-07-11,2023-24
1522300036,2023-07-11,2023-24
1522300038,2023-07-12,2023-24
1522300044,2023-07-12,2023-24
1522300039,2023-07-12,2023-24
1522300043,2023-07-12,2023-24
1522300037,2023-07-12,2023-24
1522300042,2023-07-12,2023-24
1522300041,2023-07-12,2023-24
1522300040,2023-07-12,2023-24
1522300046,2023-07-13,2023-24
1522300045,2023-07-13,2023-24
1522300050,2023-07-13,2023-24
1522300049,2023-07-13,2023-24
1522300048,2023-07-13,2023-24
1522300052,2023-07-13,2023-24
1522300047,2023-07-13,2023-24
1522300051,2023-07-13,2023-24
1522300056,2023-07-14,2023-24
1522300055,2023-07-14,2023-24
1522300058,2023-07-14,2023-24
1522300053,2023-07-14,2023-24
1522300059,2023-07-14,2023-24
1522300060,2023-07-14,2023-24
1522300057,2023-07-14,2023-24
1522300054,2023-07-14,2023-24
1522300065,2023-07-15,2023-24
1522300064,2023-07-15,2023-24
1522300066,2023-07-15,2023-24
1522300062,2023-07-15,2023-24
1522300063,2023-07-15,2023-24
1522300061,2023-07-15,2023-24
1522300067,2023-07-15,2023-24
1522300074,2023-07-16,2023-24
1522300069,2023-07-16,2023-24
1522300068,2023-07-16,2023-24
1522300071,2023-07-16,2023-24
1522300075,2023-07-16,2023-24
1522300073,2023-07-16,2023-24
1522300070,2023-07-16,2023-24
1522300072,2023-07-16,2023-24
1522300076,2023-07-17,2023-24
1522400006,2024-07-12,2024-25
1522400001,2024-07-12,2024-25
1522400002,2024-07-12,2024-25
1522400007,2024-07-12,2024-25
1522400004,2024-07-12,2024-25
1522400005,2024-07-12,2024-25
1522400003,2024-07-12,2024-25
1522400010,2024-07-13,2024-25
1522400008,2024-07-13,2024-25
1522400014,2024-07-13,2024-25
1522400015,2024-07-13,2024-25
1522400009,2024-07-13,2024-25
1522400011,2024-07-13,2024-25
1522400013,2024-07-13,2024-25
1522400012,2024-07-13,2024-25
1522400021,2024-07-14,2024-25
1522400016,2024-07-14,2024-25
1522400020,2024-07-14,2024-25
1522400023,2024-07-14,2024-25
1522400022,2024-07-14,2024-25
1522400019,2024-07-14,2024-25
1522400017,2024-07-14,2024-25
1522400018,2024-07-14,2024-25
1522400029,2024-07-15,2024-25
1522400026,2024-07-15,2024-25
1522400025,2024-07-15,2024-25
1522400024,2024-07-15,2024-25
1522400027,2024-07-15,2024-25
1522400028,2024-07-15,2024-25
1522400037,2024-07-16,2024-25
1522400033,2024-07-16,2024-25
1522400032,2024-07-16,2024-25
1522400036,2024-07-16,2024-25
1522400034,2024-07-16,2024-25
1522400031,2024-07-16,2024-25
1522400030,2024-07-16,2024-25
1522400035,2024-07-16,2024-25
1522400044,2024-07-17,2024-25
1522400041,2024-07-17,2024-25
1522400045,2024-07-17,2024-25
1522400038,2024-07-17,2024-25
1522400039,2024-07-17,2024-25
1522400042,2024-07-17,2024-25
1522400043,2024-07-17,2024-25
1522400040,2024-07-17,2024-25
1522400050,2024-07-18,2024-25
1522400047,2024-07-18,2024-25
1522400046,2024-07-18,2024-25
1522400052,2024-07-18,2024-25
1522400051,2024-07-18,2024-25
1522400049,2024-07-18,2024-25
1522400048,2024-07-18,2024-25
1522400055,2024-07-19,2024-25
1522400054,2024-07-19,2024-25
1522400059,2024-07-19,2024-25
1522400058,2024-07-19,2024-25
1522400053,2024-07-19,2024-25
1522400056,2024-07-19,2024-25
1522400057,2024-07-19,2024-25
1522400060,2024-07-19,2024-25
1522400064,2024-07-20,2024-25
1522400063,2024-07-20,2024-25
1522400066,2024-07-20,2024-25
1522400065,2024-07-20,2024-25
1522400067,2024-07-20,2024-25
1522400062,2024-07-20,2024-25
1522400061,2024-07-20,2024-25
1522400071,2024-07-21,2024-25
1522400070,2024-07-21,2024-25
1522400075,2024-07-21,2024-25
1522400068,2024-07-21,2024-25
1522400069,2024-07-21,2024-25
1522400072,2024-07-21,2024-25
1522400073,2024-07-21,2024-25
1522400074,2024-07-21,2024-25
1522400076,2024-07-22,2024-25
